user_id,username,salary,product_id,product_name,search_history,browse_history,product_rating,num_searches,price,occupation
1001,user1,80000,101,Laptop,electronics,laptops,4,10,1000,engineer
1001,user1,80000,102,Shirt,clothing,shoes,5,5,30,engineer
1001,user1,80000,103,Phone,electronics,smartphones,3,8,500,engineer
1001,user1,80000,104,Watch,clothing,watches,4,3,150,engineer
1001,user1,80000,105,Headphones,electronics,audio,4,12,80,engineer
1001,user1,80000,106,Tablet,electronics,laptops,4,9,350,engineer
1001,user1,80000,107,Backpack,travel,backpacks,5,6,60,engineer
1001,user1,80000,108,Sunglasses,accessories,sunglasses,3,7,40,engineer
1001,user1,80000,109,Water Bottle,fitness,hydration,4,5,20,engineer
1001,user1,80000,110,Umbrella,accessories,umbrellas,5,4,15,engineer
1002,user2,55000,111,Chair,furniture,chairs,4,5,80,teacher
1002,user2,55000,112,Desk,furniture,desks,5,4,150,teacher
1002,user2,55000,113,Table,furniture,tables,4,3,200,teacher
1002,user2,55000,114,Printer,electronics,printers,5,2,120,teacher
1002,user2,55000,115,Book,books,literature,3,8,10,teacher
1002,user2,55000,116,Pen,stationery,pens,4,7,5,teacher
1002,user2,55000,117,Notebook,stationery,notebooks,5,6,15,teacher
1003,user3,35000,118,Laptop,electronics,laptops,4,10,1100,student
1003,user3,35000,119,Phone,electronics,smartphones,4,9,200,student
1003,user3,35000,120,Watch,clothing,watches,3,8,120,student
1003,user3,35000,121,Headphones,electronics,audio,4,7,50,student
1003,user3,35000,122,Tablet,electronics,laptops,5,6,800,student
1003,user3,35000,123,Backpack,travel,backpacks,4,5,40,student
1003,user3,35000,124,Shirt,clothing,shoes,3,4,25,student
1003,user3,35000,125,Sneakers,clothing,shoes,4,3,50,student
1004,user4,95000,126,Phone,electronics,smartphones,5,11,600,doctor
1004,user4,95000,127,Tablet,electronics,laptops,4,10,400,doctor
1004,user4,95000,128,Monitor,electronics,monitors,3,9,250,doctor
1004,user4,95000,129,Printer,electronics,printers,5,8,150,doctor
1004,user4,95000,130,Keyboard,electronics,accessories,4,7,60,doctor
1004,user4,95000,131,Mouse,electronics,accessories,5,6,20,doctor
1004,user4,95000,132,Chair,furniture,chairs,4,5,80,doctor
1004,user4,95000,133,Desk,furniture,desks,3,4,150,doctor
1005,user5,60000,134,Shirt,clothing,shoes,4,7,25,teacher
1005,user5,60000,135,Phone,electronics,smartphones,5,6,450,teacher
1005,user5,60000,136,Hat,clothing,hats,3,5,15,teacher
1005,user5,60000,137,Backpack,travel,backpacks,4,4,40,teacher
1005,user5,60000,138,Tablet,electronics,laptops,5,3,800,teacher
1005,user5,60000,139,Sneakers,clothing,shoes,4,2,60,teacher
1005,user5,60000,140,Water Bottle,fitness,hydration,3,8,20,teacher
1005,user5,60000,141,Umbrella,accessories,umbrellas,5,7,10,teacher
1006,user6,75000,142,Laptop,electronics,laptops,4,10,1000,engineer
1006,user6,75000,143,Phone,electronics,smartphones,5,9,500,engineer
1006,user6,75000,144,Watch,clothing,watches,4,8,150,engineer
1006,user6,75000,145,Headphones,electronics,audio,5,7,80,engineer
1006,user6,75000,146,Tablet,electronics,laptops,4,6,350,engineer
1006,user6,75000,147,Keyboard,electronics,accessories,3,5,60,engineer
1006,user6,75000,148,Mouse,electronics,accessories,5,4,20,engineer
1006,user6,75000,149,Monitor,electronics,monitors,4,3,250,engineer
1007,user7,45000,150,Shirt,clothing,shoes,3,2,30,student
1007,user7,45000,151,Watch,clothing,watches,4,3,120,student
1007,user7,45000,152,Backpack,travel,backpacks,5,4,40,student
1007,user7,45000,153,Chair,furniture,chairs,4,5,100,student
1007,user7,45000,154,Desk,furniture,desks,3,6,200,student
1007,user7,45000,155,Table,furniture,tables,5,7,250,student
1007,user7,45000,156,Laptop,electronics,laptops,4,8,900,student
1007,user7,45000,157,Phone,electronics,smartphones,3,9,550,student
1008,user8,85000,158,Shirt,clothing,shoes,5,10,25,engineer
1008,user8,85000,159,Phone,electronics,smartphones,4,11,450,engineer
1008,user8,85000,160,Sunglasses,accessories,sunglasses,3,12,30,engineer
1008,user8,85000,161,Monitor,electronics,monitors,4,13,250,engineer
1008,user8,85000,162,Printer,electronics,printers,5,14,150,engineer
1008,user8,85000,163,Keyboard,electronics,accessories,4,15,60,engineer
1008,user8,85000,164,Mouse,electronics,accessories,5,16,20,engineer
1008,user8,85000,165,Tablet,electronics,laptops,3,17,800,engineer
1009,user9,40000,166,Watch,clothing,watches,4,1,80,student
1009,user9,40000,167,Headphones,electronics,audio,3,2,50,student
1009,user9,40000,168,Book,books,literature,5,3,10,student
1009,user9,40000,169,Pen,stationery,pens,4,4,5,student
1009,user9,40000,170,Notebook,stationery,notebooks,3,5,15,student
1009,user9,40000,171,Backpack,travel,backpacks,4,6,40,student
1009,user9,40000,172,Shoes,clothing,shoes,5,7,70,student
1009,user9,40000,173,Water Bottle,fitness,hydration,4,8,20,student
1010,user10,70000,174,Laptop,electronics,laptops,5,9,1100,teacher
1010,user10,70000,175,Watch,clothing,watches,4,10,200,teacher
1010,user10,70000,176,Chair,furniture,chairs,3,11,100,teacher
1010,user10,70000,177,Desk,furniture,desks,5,12,200,teacher
1010,user10,70000,178,Table,furniture,tables,4,13,250,teacher
1010,user10,70000,179,Printer,electronics,printers,5,14,120,teacher
1010,user10,70000,180,Keyboard,electronics,accessories,4,15,60,teacher
1010,user10,70000,181,Mouse,electronics,accessories,5,16,20,teacher
1011,user11,60000,182,Shirt,clothing,shoes,4,5,25,teacher
1011,user11,60000,183,Phone,electronics,smartphones,5,6,450,teacher
1011,user11,60000,184,Hat,clothing,hats,3,7,15,teacher
1011,user11,60000,185,Backpack,travel,backpacks,4,8,40,teacher
1011,user11,60000,186,Tablet,electronics,laptops,5,9,800,teacher
1011,user11,60000,187,Sneakers,clothing,shoes,4,10,60,teacher
1011,user11,60000,188,Water Bottle,fitness,hydration,3,11,20,teacher
1011,user11,60000,189,Umbrella,accessories,umbrellas,5,12,10,teacher
1012,user12,55000,190,Laptop,electronics,laptops,4,13,1000,teacher
1012,user12,55000,191,Phone,electronics,smartphones,5,14,500,teacher
1012,user12,55000,192,Sunglasses,accessories,sunglasses,4,15,30,teacher
1012,user12,55000,193,Tablet,electronics,laptops,5,16,350,teacher
1012,user12,55000,194,Keyboard,electronics,accessories,4,17,60,teacher
1012,user12,55000,195,Mouse,electronics,accessories,5,18,20,teacher
1012,user12,55000,196,Monitor,electronics,monitors,3,19,250,teacher
1012,user12,55000,197,Printer,electronics,printers,4,20,150,teacher
1013,user13,48000,198,Shirt,clothing,shoes,3,5,25,student
1013,user13,48000,199,Phone,electronics,smartphones,4,6,450,student
1013,user13,48000,200,Hat,clothing,hats,5,7,15,student
1013,user13,48000,201,Backpack,travel,backpacks,4,8,40,student
1013,user13,48000,202,Tablet,electronics,laptops,3,9,800,student
1013,user13,48000,203,Sneakers,clothing,shoes,4,10,60,student
1013,user13,48000,204,Water Bottle,fitness,hydration,5,11,20,student
1013,user13,48000,205,Umbrella,accessories,umbrellas,4,12,10,student
1014,user14,72000,206,Laptop,electronics,laptops,5,13,1000,engineer
1014,user14,72000,207,Phone,electronics,smartphones,4,14,500,engineer
1014,user14,72000,208,Sunglasses,accessories,sunglasses,5,15,30,engineer
1014,user14,72000,209,Tablet,electronics,laptops,4,16,350,engineer
1014,user14,72000,210,Keyboard,electronics,accessories,5,17,60,engineer
1014,user14,72000,211,Mouse,electronics,accessories,4,18,20,engineer
1014,user14,72000,212,Monitor,electronics,monitors,3,19,250,engineer
1014,user14,72000,213,Printer,electronics,printers,4,20,150,engineer
1015,user15,58000,214,Shirt,clothing,shoes,3,5,25,teacher
1015,user15,58000,215,Phone,electronics,smartphones,4,6,450,teacher
1015,user15,58000,216,Hat,clothing,hats,5,7,15,teacher
1015,user15,58000,217,Backpack,travel,backpacks,4,8,40,teacher
1015,user15,58000,218,Tablet,electronics,laptops,3,9,800,teacher
1015,user15,58000,219,Sneakers,clothing,shoes,4,10,60,teacher
1015,user15,58000,220,Water Bottle,fitness,hydration,5,11,20,teacher
1015,user15,58000,221,Umbrella,accessories,umbrellas,4,12,10,teacher
1016,user16,42000,222,Laptop,electronics,laptops,5,13,1000,student
1016,user16,42000,223,Phone,electronics,smartphones,4,14,500,student
1016,user16,42000,224,Sunglasses,accessories,sunglasses,5,15,30,student
1016,user16,42000,225,Tablet,electronics,laptops,4,16,350,student
1016,user16,42000,226,Keyboard,electronics,accessories,5,17,60,student
1016,user16,42000,227,Mouse,electronics,accessories,4,18,20,student
1016,user16,42000,228,Monitor,electronics,monitors,3,19,250,student
1016,user16,42000,229,Printer,electronics,printers,4,20,150,student
1017,user17,52000,230,Shirt,clothing,shoes,3,5,25,teacher
1017,user17,52000,231,Phone,electronics,smartphones,4,6,450,teacher
1017,user17,52000,232,Hat,clothing,hats,5,7,15,teacher
1017,user17,52000,233,Backpack,travel,backpacks,4,8,40,teacher
1017,user17,52000,234,Tablet,electronics,laptops,3,9,800,teacher
1017,user17,52000,235,Sneakers,clothing,shoes,4,10,60,teacher
1017,user17,52000,236,Water Bottle,fitness,hydration,5,11,20,teacher
1017,user17,52000,237,Umbrella,accessories,umbrellas,4,12,10,teacher
1018,user18,63000,238,Laptop,electronics,laptops,5,13,1000,engineer
1018,user18,63000,239,Phone,electronics,smartphones,4,14,500,engineer
1018,user18,63000,240,Sunglasses,accessories,sunglasses,5,15,30,engineer
1018,user18,63000,241,Tablet,electronics,laptops,4,16,350,engineer
1018,user18,63000,242,Keyboard,electronics,accessories,5,17,60,engineer
1018,user18,63000,243,Mouse,electronics,accessories,4,18,20,engineer
1018,user18,63000,244,Monitor,electronics,monitors,3,19,250,engineer
1018,user18,63000,245,Printer,electronics,printers,4,20,150,engineer
1019,user19,46000,246,Shirt,clothing,shoes,3,5,25,student
1019,user19,46000,247,Phone,electronics,smartphones,4,6,450,student
1019,user19,46000,248,Hat,clothing,hats,5,7,15,student
1019,user19,46000,249,Backpack,travel,backpacks,4,8,40,student
1019,user19,46000,250,Tablet,electronics,laptops,3,9,800,student
1019,user19,46000,251,Sneakers,clothing,shoes,4,10,60,student
1019,user19,46000,252,Water Bottle,fitness,hydration,5,11,20,student
1019,user19,46000,253,Umbrella,accessories,umbrellas,4,12,10,student
1020,user20,69000,254,Laptop,electronics,laptops,5,13,1000,teacher
1020,user20,69000,255,Phone,electronics,smartphones,4,14,500,teacher
1020,user20,69000,256,Sunglasses,accessories,sunglasses,5,15,30,teacher
1020,user20,69000,257,Tablet,electronics,laptops,4,16,350,teacher
1020,user20,69000,258,Keyboard,electronics,accessories,5,17,60,teacher
1020,user20,69000,259,Mouse,electronics,accessories,4,18,20,teacher
1020,user20,69000,260,Monitor,electronics,monitors,3,19,250,teacher
1020,user20,69000,261,Printer,electronics,printers,4,20,150,teacher
1021,user21,54000,262,Shirt,clothing,shoes,3,5,25,student
1021,user21,54000,263,Phone,electronics,smartphones,4,6,450,student
1021,user21,54000,264,Hat,clothing,hats,5,7,15,student
1021,user21,54000,265,Backpack,travel,backpacks,4,8,40,student
1021,user21,54000,266,Tablet,electronics,laptops,3,9,800,student
1021,user21,54000,267,Sneakers,clothing,shoes,4,10,60,student
1021,user21,54000,268,Water Bottle,fitness,hydration,5,11,20,student
1021,user21,54000,269,Umbrella,accessories,umbrellas,4,12,10,student
1022,user22,60000,270,Laptop,electronics,laptops,5,13,1000,engineer
1022,user22,60000,271,Phone,electronics,smartphones,4,14,500,engineer
1022,user22,60000,272,Sunglasses,accessories,sunglasses,5,15,30,engineer
1022,user22,60000,273,Tablet,electronics,laptops,4,16,350,engineer
1022,user22,60000,274,Keyboard,electronics,accessories,5,17,60,engineer
1022,user22,60000,275,Mouse,electronics,accessories,4,18,20,engineer
1022,user22,60000,276,Monitor,electronics,monitors,3,19,250,engineer
1022,user22,60000,277,Printer,electronics,printers,4,20,150,engineer
1023,user23,50000,278,Shirt,clothing,shoes,3,5,25,teacher
1023,user23,50000,279,Phone,electronics,smartphones,4,6,450,teacher
1023,user23,50000,280,Hat,clothing,hats,5,7,15,teacher
1023,user23,50000,281,Backpack,travel,backpacks,4,8,40,teacher
1023,user23,50000,282,Tablet,electronics,laptops,3,9,800,teacher
1023,user23,50000,283,Sneakers,clothing,shoes,4,10,60,teacher
1023,user23,50000,284,Water Bottle,fitness,hydration,5,11,20,teacher
1023,user23,50000,285,Umbrella,accessories,umbrellas,4,12,10,teacher
1024,user24,62000,286,Laptop,electronics,laptops,5,13,1000,engineer
1024,user24,62000,287,Phone,electronics,smartphones,4,14,500,engineer
1024,user24,62000,288,Sunglasses,accessories,sunglasses,5,15,30,engineer
1024,user24,62000,289,Tablet,electronics,laptops,4,16,350,engineer
1024,user24,62000,290,Keyboard,electronics,accessories,5,17,60,engineer
1024,user24,62000,291,Mouse,electronics,accessories,4,18,20,engineer
1024,user24,62000,292,Monitor,electronics,monitors,3,19,250,engineer
1024,user24,62000,293,Printer,electronics,printers,4,20,150,engineer
1025,user25,53000,294,Shirt,clothing,shoes,3,5,25,teacher
1025,user25,53000,295,Phone,electronics,smartphones,4,6,450,teacher
1025,user25,53000,296,Hat,clothing,hats,5,7,15,teacher
1025,user25,53000,297,Backpack,travel,backpacks,4,8,40,teacher
1025,user25,53000,298,Tablet,electronics,laptops,3,9,800,teacher
1025,user25,53000,299,Sneakers,clothing,shoes,4,10,60,teacher
1025,user25,53000,300,Water Bottle,fitness,hydration,5,11,20,teacher
1025,user25,53000,301,Umbrella,accessories,umbrellas,4,12,10,teacher
1026,user26,76000,302,Laptop,electronics,laptops,5,13,1000,student
1026,user26,76000,303,Phone,electronics,smartphones,4,14,500,student
1026,user26,76000,304,Sunglasses,accessories,sunglasses,5,15,30,student
1026,user26,76000,305,Tablet,electronics,laptops,4,16,350,student
1026,user26,76000,306,Keyboard,electronics,accessories,5,17,60,student
1026,user26,76000,307,Mouse,electronics,accessories,4,18,20,student
1026,user26,76000,308,Monitor,electronics,monitors,3,19,250,student
1026,user26,76000,309,Printer,electronics,printers,4,20,150,student
1027,user27,47000,310,Shirt,clothing,shoes,3,5,25,student
1027,user27,47000,311,Phone,electronics,smartphones,4,6,450,student
1027,user27,47000,312,Hat,clothing,hats,5,7,15,student
1027,user27,47000,313,Backpack,travel,backpacks,4,8,40,student
1027,user27,47000,314,Tablet,electronics,laptops,3,9,800,student
1027,user27,47000,315,Sneakers,clothing,shoes,4,10,60,student
1027,user27,47000,316,Water Bottle,fitness,hydration,5,11,20,student
1027,user27,47000,317,Umbrella,accessories,umbrellas,4,12,10,student
1028,user28,59000,318,Laptop,electronics,laptops,5,13,1000,engineer
1028,user28,59000,319,Phone,electronics,smartphones,4,14,500,engineer
1028,user28,59000,320,Sunglasses,accessories,sunglasses,5,15,30,engineer
1028,user28,59000,321,Tablet,electronics,laptops,4,16,350,engineer
1028,user28,59000,322,Keyboard,electronics,accessories,5,17,60,engineer
1028,user28,59000,323,Mouse,electronics,accessories,4,18,20,engineer
1028,user28,59000,324,Monitor,electronics,monitors,3,19,250,engineer
1028,user28,59000,325,Printer,electronics,printers,4,20,150,engineer
1029,user29,62000,326,Shirt,clothing,shoes,3,5,25,teacher
1029,user29,62000,327,Phone,electronics,smartphones,4,6,450,teacher
1029,user29,62000,328,Hat,clothing,hats,5,7,15,teacher
1029,user29,62000,329,Backpack,travel,backpacks,4,8,40,teacher
1029,user29,62000,330,Tablet,electronics,laptops,3,9,800,teacher
1029,user29,62000,331,Sneakers,clothing,shoes,4,10,60,teacher
1029,user29,62000,332,Water Bottle,fitness,hydration,5,11,20,teacher
1029,user29,62000,333,Umbrella,accessories,umbrellas,4,12,10,teacher
1030,user30,74000,334,Laptop,electronics,laptops,5,13,1000,student
1030,user30,74000,335,Phone,electronics,smartphones,4,14,500,student
1030,user30,74000,336,Sunglasses,accessories,sunglasses,5,15,30,student
1030,user30,74000,337,Tablet,electronics,laptops,4,16,350,student
1030,user30,74000,338,Keyboard,electronics,accessories,5,17,60,student
1030,user30,74000,339,Mouse,electronics,accessories,4,18,20,student
1030,user30,74000,340,Monitor,electronics,monitors,3,19,250,student
1030,user30,74000,341,Printer,electronics,printers,4,20,150,student
1031,user31,51000,342,Shirt,clothing,shoes,3,5,25,teacher
1031,user31,51000,343,Phone,electronics,smartphones,4,6,450,teacher
1031,user31,51000,344,Hat,clothing,hats,5,7,15,teacher
1031,user31,51000,345,Backpack,travel,backpacks,4,8,40,teacher
1031,user31,51000,346,Tablet,electronics,laptops,3,9,800,teacher
1031,user31,51000,347,Sneakers,clothing,shoes,4,10,60,teacher
1031,user31,51000,348,Water Bottle,fitness,hydration,5,11,20,teacher
1031,user31,51000,349,Umbrella,accessories,umbrellas,4,12,10,teacher
1032,user32,57000,350,Laptop,electronics,laptops,5,13,1000,engineer
1032,user32,57000,351,Phone,electronics,smartphones,4,14,500,engineer
1032,user32,57000,352,Sunglasses,accessories,sunglasses,5,15,30,engineer
1032,user32,57000,353,Tablet,electronics,laptops,4,16,350,engineer
1032,user32,57000,354,Keyboard,electronics,accessories,5,17,60,engineer
1032,user32,57000,355,Mouse,electronics,accessories,4,18,20,engineer
1032,user32,57000,356,Monitor,electronics,monitors,3,19,250,engineer
1032,user32,57000,357,Printer,electronics,printers,4,20,150,engineer
1033,user33,60000,358,Shirt,clothing,shoes,3,5,25,teacher
1033,user33,60000,359,Phone,electronics,smartphones,4,6,450,teacher
1033,user33,60000,360,Hat,clothing,hats,5,7,15,teacher
1033,user33,60000,361,Backpack,travel,backpacks,4,8,40,teacher
1033,user33,60000,362,Tablet,electronics,laptops,3,9,800,teacher
1033,user33,60000,363,Sneakers,clothing,shoes,4,10,60,teacher
1033,user33,60000,364,Water Bottle,fitness,hydration,5,11,20,teacher
1033,user33,60000,365,Umbrella,accessories,umbrellas,4,12,10,teacher
1034,user34,71000,366,Laptop,electronics,laptops,5,13,1000,engineer
1034,user34,71000,367,Phone,electronics,smartphones,4,14,500,engineer
1034,user34,71000,368,Sunglasses,accessories,sunglasses,5,15,30,engineer
1034,user34,71000,369,Tablet,electronics,laptops,4,16,350,engineer
1034,user34,71000,370,Keyboard,electronics,accessories,5,17,60,engineer
1034,user34,71000,371,Mouse,electronics,accessories,4,18,20,engineer
1034,user34,71000,372,Monitor,electronics,monitors,3,19,250,engineer
1034,user34,71000,373,Printer,electronics,printers,4,20,150,engineer
1035,user35,54000,374,Shirt,clothing,shoes,3,5,25,teacher
1035,user35,54000,375,Phone,electronics,smartphones,4,6,450,teacher
1035,user35,54000,376,Hat,clothing,hats,5,7,15,teacher
1035,user35,54000,377,Backpack,travel,backpacks,4,8,40,teacher
1035,user35,54000,378,Tablet,electronics,laptops,3,9,800,teacher
1035,user35,54000,379,Sneakers,clothing,shoes,4,10,60,teacher
1035,user35,54000,380,Water Bottle,fitness,hydration,5,11,20,teacher
1035,user35,54000,381,Umbrella,accessories,umbrellas,4,12,10,teacher
1036,user36,65000,382,Laptop,electronics,laptops,5,13,1000,student
1036,user36,65000,383,Phone,electronics,smartphones,4,14,500,student
1036,user36,65000,384,Sunglasses,accessories,sunglasses,5,15,30,student
1036,user36,65000,385,Tablet,electronics,laptops,4,16,350,student
1036,user36,65000,386,Keyboard,electronics,accessories,5,17,60,student
1036,user36,65000,387,Mouse,electronics,accessories,4,18,20,student
1036,user36,65000,388,Monitor,electronics,monitors,3,19,250,student
1036,user36,65000,389,Printer,electronics,printers,4,20,150,student
1037,user37,58000,390,Shirt,clothing,shoes,3,5,25,student
1037,user37,58000,391,Phone,electronics,smartphones,4,6,450,student
1037,user37,58000,392,Hat,clothing,hats,5,7,15,student
1037,user37,58000,393,Backpack,travel,backpacks,4,8,40,student
1037,user37,58000,394,Tablet,electronics,laptops,3,9,800,student
1037,user37,58000,395,Sneakers,clothing,shoes,4,10,60,student
1037,user37,58000,396,Water Bottle,fitness,hydration,5,11,20,student
1037,user37,58000,397,Umbrella,accessories,umbrellas,4,12,10,student
1038,user38,62000,398,Laptop,electronics,laptops,5,13,1000,engineer
1038,user38,62000,399,Phone,electronics,smartphones,4,14,500,engineer
1038,user38,62000,400,Sunglasses,accessories,sunglasses,5,15,30,engineer
1038,user38,62000,401,Tablet,electronics,laptops,4,16,350,engineer
1038,user38,62000,402,Keyboard,electronics,accessories,5,17,60,engineer
1038,user38,62000,403,Mouse,electronics,accessories,4,18,20,engineer
1038,user38,62000,404,Monitor,electronics,monitors,3,19,250,engineer
1038,user38,62000,405,Printer,electronics,printers,4,20,150,engineer
1039,user39,55000,406,Shirt,clothing,shoes,3,5,25,teacher
1039,user39,55000,407,Phone,electronics,smartphones,4,6,450,teacher
1039,user39,55000,408,Hat,clothing,hats,5,7,15,teacher
1039,user39,55000,409,Backpack,travel,backpacks,4,8,40,teacher
1039,user39,55000,410,Tablet,electronics,laptops,3,9,800,teacher
1039,user39,55000,411,Sneakers,clothing,shoes,4,10,60,teacher
1039,user39,55000,412,Water Bottle,fitness,hydration,5,11,20,teacher
1039,user39,55000,413,Umbrella,accessories,umbrellas,4,12,10,teacher
1040,user40,70000,414,Laptop,electronics,laptops,5,13,1000,student
1040,user40,70000,415,Phone,electronics,smartphones,4,14,500,student
1040,user40,70000,416,Sunglasses,accessories,sunglasses,5,15,30,student
1040,user40,70000,417,Tablet,electronics,laptops,4,16,350,student
1040,user40,70000,418,Keyboard,electronics,accessories,5,17,60,student
1040,user40,70000,419,Mouse,electronics,accessories,4,18,20,student
1040,user40,70000,420,Monitor,electronics,monitors,3,19,250,student
1040,user40,70000,421,Printer,electronics,printers,4,20,150,student
1041,user41,53000,422,Shirt,clothing,shoes,3,5,25,student
1041,user41,53000,423,Phone,electronics,smartphones,4,6,450,student
1041,user41,53000,424,Hat,clothing,hats,5,7,15,student
1041,user41,53000,425,Backpack,travel,backpacks,4,8,40,student
1041,user41,53000,426,Tablet,electronics,laptops,3,9,800,student
1041,user41,53000,427,Sneakers,clothing,shoes,4,10,60,student
1041,user41,53000,428,Water Bottle,fitness,hydration,5,11,20,student
1041,user41,53000,429,Umbrella,accessories,umbrellas,4,12,10,student
1042,user42,61000,430,Laptop,electronics,laptops,5,13,1000,engineer
1042,user42,61000,431,Phone,electronics,smartphones,4,14,500,engineer
1042,user42,61000,432,Sunglasses,accessories,sunglasses,5,15,30,engineer
1042,user42,61000,433,Tablet,electronics,laptops,4,16,350,engineer
1042,user42,61000,434,Keyboard,electronics,accessories,5,17,60,engineer
1042,user42,61000,435,Mouse,electronics,accessories,4,18,20,engineer
1042,user42,61000,436,Monitor,electronics,monitors,3,19,250,engineer
1042,user42,61000,437,Printer,electronics,printers,4,20,150,engineer
1043,user43,54000,438,Shirt,clothing,shoes,3,5,25,teacher
1043,user43,54000,439,Phone,electronics,smartphones,4,6,450,teacher
1043,user43,54000,440,Hat,clothing,hats,5,7,15,teacher
1043,user43,54000,441,Backpack,travel,backpacks,4,8,40,teacher
1043,user43,54000,442,Tablet,electronics,laptops,3,9,800,teacher
1043,user43,54000,443,Sneakers,clothing,shoes,4,10,60,teacher
1043,user43,54000,444,Water Bottle,fitness,hydration,5,11,20,teacher
1043,user43,54000,445,Umbrella,accessories,umbrellas,4,12,10,teacher
1044,user44,69000,446,Laptop,electronics,laptops,5,13,1000,student
1044,user44,69000,447,Phone,electronics,smartphones,4,14,500,student
1044,user44,69000,448,Sunglasses,accessories,sunglasses,5,15,30,student
1044,user44,69000,449,Tablet,electronics,laptops,4,16,350,student
1044,user44,69000,450,Keyboard,electronics,accessories,5,17,60,student
1044,user44,69000,451,Mouse,electronics,accessories,4,18,20,student
1044,user44,69000,452,Monitor,electronics,monitors,3,19,250,student
1044,user44,69000,453,Printer,electronics,printers,4,20,150,student
1045,user45,57000,454,Shirt,clothing,shoes,3,5,25,teacher
1045,user45,57000,455,Phone,electronics,smartphones,4,6,450,teacher
1045,user45,57000,456,Hat,clothing,hats,5,7,15,teacher
1045,user45,57000,457,Backpack,travel,backpacks,4,8,40,teacher
1045,user45,57000,458,Tablet,electronics,laptops,3,9,800,teacher
1045,user45,57000,459,Sneakers,clothing,shoes,4,10,60,teacher
1045,user45,57000,460,Water Bottle,fitness,hydration,5,11,20,teacher
1045,user45,57000,461,Umbrella,accessories,umbrellas,4,12,10,teacher
1046,user46,61000,462,Laptop,electronics,laptops,5,13,1000,engineer
1046,user46,61000,463,Phone,electronics,smartphones,4,14,500,engineer
1046,user46,61000,464,Sunglasses,accessories,sunglasses,5,15,30,engineer
1046,user46,61000,465,Tablet,electronics,laptops,4,16,350,engineer
1046,user46,61000,466,Keyboard,electronics,accessories,5,17,60,engineer
1046,user46,61000,467,Mouse,electronics,accessories,4,18,20,engineer
1046,user46,61000,468,Monitor,electronics,monitors,3,19,250,engineer
1046,user46,61000,469,Printer,electronics,printers,4,20,150,engineer
1047,user47,54000,470,Shirt,clothing,shoes,3,5,25,teacher
1047,user47,54000,471,Phone,electronics,smartphones,4,6,450,teacher
1047,user47,54000,472,Hat,clothing,hats,5,7,15,teacher
1047,user47,54000,473,Backpack,travel,backpacks,4,8,40,teacher
1047,user47,54000,474,Tablet,electronics,laptops,3,9,800,teacher
1047,user47,54000,475,Sneakers,clothing,shoes,4,10,60,teacher
1047,user47,54000,476,Water Bottle,fitness,hydration,5,11,20,teacher
1047,user47,54000,477,Umbrella,accessories,umbrellas,4,12,10,teacher
1048,user48,69000,478,Laptop,electronics,laptops,5,13,1000,student
1048,user48,69000,479,Phone,electronics,smartphones,4,14,500,student
1048,user48,69000,480,Sunglasses,accessories,sunglasses,5,15,30,student
1048,user48,69000,481,Tablet,electronics,laptops,4,16,350,student
1048,user48,69000,482,Keyboard,electronics,accessories,5,17,60,student
1048,user48,69000,483,Mouse,electronics,accessories,4,18,20,student
1048,user48,69000,484,Monitor,electronics,monitors,3,19,250,student
1048,user48,69000,485,Printer,electronics,printers,4,20,150,student
1049,user49,57000,486,Shirt,clothing,shoes,3,5,25,teacher
1049,user49,57000,487,Phone,electronics,smartphones,4,6,450,teacher
1049,user49,57000,488,Hat,clothing,hats,5,7,15,teacher
1049,user49,57000,489,Backpack,travel,backpacks,4,8,40,teacher
1049,user49,57000,490,Tablet,electronics,laptops,3,9,800,teacher
1049,user49,57000,491,Sneakers,clothing,shoes,4,10,60,teacher
1049,user49,57000,492,Water Bottle,fitness,hydration,5,11,20,teacher
1049,user49,57000,493,Umbrella,accessories,umbrellas,4,12,10,teacher
1050,user50,62000,494,Laptop,electronics,laptops,5,13,1000,engineer
1050,user50,62000,495,Phone,electronics,smartphones,4,14,500,engineer
1050,user50,62000,496,Sunglasses,accessories,sunglasses,5,15,30,engineer
1050,user50,62000,497,Tablet,electronics,laptops,4,16,350,engineer
1050,user50,62000,498,Keyboard,electronics,accessories,5,17,60,engineer
1050,user50,62000,499,Mouse,electronics,accessories,4,18,20,engineer
1050,user50,62000,500,Monitor,electronics,monitors,3,19,250,engineer
1050,user50,62000,501,Printer,electronics,printers,4,20,150,engineer
1051,user51,55000,502,Shirt,clothing,shoes,3,5,25,teacher
1051,user51,55000,503,Phone,electronics,smartphones,4,6,450,teacher
1051,user51,55000,504,Hat,clothing,hats,5,7,15,teacher
1051,user51,55000,505,Backpack,travel,backpacks,4,8,40,teacher
1051,user51,55000,506,Tablet,electronics,laptops,3,9,800,teacher
1051,user51,55000,507,Sneakers,clothing,shoes,4,10,60,teacher
1051,user51,55000,508,Water Bottle,fitness,hydration,5,11,20,teacher
1051,user51,55000,509,Umbrella,accessories,umbrellas,4,12,10,teacher
1052,user52,70000,510,Laptop,electronics,laptops,5,13,1000,student
1052,user52,70000,511,Phone,electronics,smartphones,4,14,500,student
1052,user52,70000,512,Sunglasses,accessories,sunglasses,5,15,30,student
1052,user52,70000,513,Tablet,electronics,laptops,4,16,350,student
1052,user52,70000,514,Keyboard,electronics,accessories,5,17,60,student
1052,user52,70000,515,Mouse,electronics,accessories,4,18,20,student
1052,user52,70000,516,Monitor,electronics,monitors,3,19,250,student
1052,user52,70000,517,Printer,electronics,printers,4,20,150,student
1053,user53,53000,518,Shirt,clothing,shoes,3,5,25,teacher
1053,user53,53000,519,Phone,electronics,smartphones,4,6,450,teacher
1053,user53,53000,520,Hat,clothing,hats,5,7,15,teacher
1053,user53,53000,521,Backpack,travel,backpacks,4,8,40,teacher
1053,user53,53000,522,Tablet,electronics,laptops,3,9,800,teacher
1053,user53,53000,523,Sneakers,clothing,shoes,4,10,60,teacher
1053,user53,53000,524,Water Bottle,fitness,hydration,5,11,20,teacher
1053,user53,53000,525,Umbrella,accessories,umbrellas,4,12,10,teacher
1054,user54,61000,526,Laptop,electronics,laptops,5,13,1000,engineer
1054,user54,61000,527,Phone,electronics,smartphones,4,14,500,engineer
1054,user54,61000,528,Sunglasses,accessories,sunglasses,5,15,30,engineer
1054,user54,61000,529,Tablet,electronics,laptops,4,16,350,engineer
1054,user54,61000,530,Keyboard,electronics,accessories,5,17,60,engineer
1054,user54,61000,531,Mouse,electronics,accessories,4,18,20,engineer
1054,user54,61000,532,Monitor,electronics,monitors,3,19,250,engineer
1054,user54,61000,533,Printer,electronics,printers,4,20,150,engineer
1055,user55,62000,534,Shirt,clothing,shoes,3,5,25,teacher
1055,user55,62000,535,Phone,electronics,smartphones,4,6,450,teacher
1055,user55,62000,536,Hat,clothing,hats,5,7,15,teacher
1055,user55,62000,537,Backpack,travel,backpacks,4,8,40,teacher
1055,user55,62000,538,Tablet,electronics,laptops,3,9,800,teacher
1055,user55,62000,539,Sneakers,clothing,shoes,4,10,60,teacher
1055,user55,62000,540,Water Bottle,fitness,hydration,5,11,20,teacher
1055,user55,62000,541,Umbrella,accessories,umbrellas,4,12,10,teacher
1056,user56,55000,542,Laptop,electronics,laptops,5,13,1000,student
1056,user56,55000,543,Phone,electronics,smartphones,4,14,500,student
1056,user56,55000,544,Sunglasses,accessories,sunglasses,5,15,30,student
1056,user56,55000,545,Tablet,electronics,laptops,4,16,350,student
1056,user56,55000,546,Keyboard,electronics,accessories,5,17,60,student
1056,user56,55000,547,Mouse,electronics,accessories,4,18,20,student
1056,user56,55000,548,Monitor,electronics,monitors,3,19,250,student
1056,user56,55000,549,Printer,electronics,printers,4,20,150,student
1057,user57,70000,550,Shirt,clothing,shoes,3,5,25,teacher
1057,user57,70000,551,Phone,electronics,smartphones,4,6,450,teacher
1057,user57,70000,552,Hat,clothing,hats,5,7,15,teacher
1057,user57,70000,553,Backpack,travel,backpacks,4,8,40,teacher
1057,user57,70000,554,Tablet,electronics,laptops,3,9,800,teacher
1057,user57,70000,555,Sneakers,clothing,shoes,4,10,60,teacher
1057,user57,70000,556,Water Bottle,fitness,hydration,5,11,20,teacher
1057,user57,70000,557,Umbrella,accessories,umbrellas,4,12,10,teacher
1058,user58,53000,558,Laptop,electronics,laptops,5,13,1000,engineer
1058,user58,53000,559,Phone,electronics,smartphones,4,14,500,engineer
1058,user58,53000,560,Sunglasses,accessories,sunglasses,5,15,30,engineer
1058,user58,53000,561,Tablet,electronics,laptops,4,16,350,engineer
1058,user58,53000,562,Keyboard,electronics,accessories,5,17,60,engineer
1058,user58,53000,563,Mouse,electronics,accessories,4,18,20,engineer
1058,user58,53000,564,Monitor,electronics,monitors,3,19,250,engineer
1058,user58,53000,565,Printer,electronics,printers,4,20,150,engineer
1059,user59,61000,566,Shirt,clothing,shoes,3,5,25,teacher
1059,user59,61000,567,Phone,electronics,smartphones,4,6,450,teacher
1059,user59,61000,568,Hat,clothing,hats,5,7,15,teacher
1059,user59,61000,569,Backpack,travel,backpacks,4,8,40,teacher
1059,user59,61000,570,Tablet,electronics,laptops,3,9,800,teacher
1059,user59,61000,571,Sneakers,clothing,shoes,4,10,60,teacher
1059,user59,61000,572,Water Bottle,fitness,hydration,5,11,20,teacher
1059,user59,61000,573,Umbrella,accessories,umbrellas,4,12,10,teacher
1060,user60,62000,574,Laptop,electronics,laptops,5,13,1000,engineer
1060,user60,62000,575,Phone,electronics,smartphones,4,14,500,engineer
1060,user60,62000,576,Sunglasses,accessories,sunglasses,5,15,30,engineer
1060,user60,62000,577,Tablet,electronics,laptops,4,16,350,engineer
1060,user60,62000,578,Keyboard,electronics,accessories,5,17,60,engineer
1060,user60,62000,579,Mouse,electronics,accessories,4,18,20,engineer
1060,user60,62000,580,Monitor,electronics,monitors,3,19,250,engineer
1060,user60,62000,581,Printer,electronics,printers,4,20,150,engineer
1061,user61,55000,582,Shirt,clothing,shoes,3,5,25,teacher
1061,user61,55000,583,Phone,electronics,smartphones,4,6,450,teacher
1061,user61,55000,584,Hat,clothing,hats,5,7,15,teacher
1061,user61,55000,585,Backpack,travel,backpacks,4,8,40,teacher
1061,user61,55000,586,Tablet,electronics,laptops,3,9,800,teacher
1061,user61,55000,587,Sneakers,clothing,shoes,4,10,60,teacher
1061,user61,55000,588,Water Bottle,fitness,hydration,5,11,20,teacher
1061,user61,55000,589,Umbrella,accessories,umbrellas,4,12,10,teacher
1062,user62,70000,590,Laptop,electronics,laptops,5,13,1000,student
1062,user62,70000,591,Phone,electronics,smartphones,4,14,500,student
1062,user62,70000,592,Sunglasses,accessories,sunglasses,5,15,30,student
1062,user62,70000,593,Tablet,electronics,laptops,4,16,350,student
1062,user62,70000,594,Keyboard,electronics,accessories,5,17,60,student
1062,user62,70000,595,Mouse,electronics,accessories,4,18,20,student
1062,user62,70000,596,Monitor,electronics,monitors,3,19,250,student
1062,user62,70000,597,Printer,electronics,printers,4,20,150,student
1063,user63,53000,598,Shirt,clothing,shoes,3,5,25,teacher
1063,user63,53000,599,Phone,electronics,smartphones,4,6,450,teacher
1063,user63,53000,600,Hat,clothing,hats,5,7,15,teacher
1063,user63,53000,601,Backpack,travel,backpacks,4,8,40,teacher
1063,user63,53000,602,Tablet,electronics,laptops,3,9,800,teacher
1063,user63,53000,603,Sneakers,clothing,shoes,4,10,60,teacher
1063,user63,53000,604,Water Bottle,fitness,hydration,5,11,20,teacher
1063,user63,53000,605,Umbrella,accessories,umbrellas,4,12,10,teacher
1064,user64,61000,606,Laptop,electronics,laptops,5,13,1000,engineer
1064,user64,61000,607,Phone,electronics,smartphones,4,14,500,engineer
1064,user64,61000,608,Sunglasses,accessories,sunglasses,5,15,30,engineer
1064,user64,61000,609,Tablet,electronics,laptops,4,16,350,engineer
1064,user64,61000,610,Keyboard,electronics,accessories,5,17,60,engineer
1064,user64,61000,611,Mouse,electronics,accessories,4,18,20,engineer
1064,user64,61000,612,Monitor,electronics,monitors,3,19,250,engineer
1064,user64,61000,613,Printer,electronics,printers,4,20,150,engineer
1065,user65,62000,614,Shirt,clothing,shoes,3,5,25,teacher
1065,user65,62000,615,Phone,electronics,smartphones,4,6,450,teacher
1065,user65,62000,616,Hat,clothing,hats,5,7,15,teacher
1065,user65,62000,617,Backpack,travel,backpacks,4,8,40,teacher
1065,user65,62000,618,Tablet,electronics,laptops,3,9,800,teacher
1065,user65,62000,619,Sneakers,clothing,shoes,4,10,60,teacher
1065,user65,62000,620,Water Bottle,fitness,hydration,5,11,20,teacher
1065,user65,62000,621,Umbrella,accessories,umbrellas,4,12,10,teacher
1066,user66,55000,622,Laptop,electronics,laptops,5,13,1000,student
1066,user66,55000,623,Phone,electronics,smartphones,4,14,500,student
1066,user66,55000,624,Sunglasses,accessories,sunglasses,5,15,30,student
1066,user66,55000,625,Tablet,electronics,laptops,4,16,350,student
1066,user66,55000,626,Keyboard,electronics,accessories,5,17,60,student
1066,user66,55000,627,Mouse,electronics,accessories,4,18,20,student
1066,user66,55000,628,Monitor,electronics,monitors,3,19,250,student
1066,user66,55000,629,Printer,electronics,printers,4,20,150,student
1067,user67,70000,630,Shirt,clothing,shoes,3,5,25,teacher
1067,user67,70000,631,Phone,electronics,smartphones,4,6,450,teacher
1067,user67,70000,632,Hat,clothing,hats,5,7,15,teacher
1067,user67,70000,633,Backpack,travel,backpacks,4,8,40,teacher
1067,user67,70000,634,Tablet,electronics,laptops,3,9,800,teacher
1067,user67,70000,635,Sneakers,clothing,shoes,4,10,60,teacher
1067,user67,70000,636,Water Bottle,fitness,hydration,5,11,20,teacher
1067,user67,70000,637,Umbrella,accessories,umbrellas,4,12,10,teacher
1068,user68,53000,638,Laptop,electronics,laptops,5,13,1000,engineer
1068,user68,53000,639,Phone,electronics,smartphones,4,14,500,engineer
1068,user68,53000,640,Sunglasses,accessories,sunglasses,5,15,30,engineer
1068,user68,53000,641,Tablet,electronics,laptops,4,16,350,engineer
1068,user68,53000,642,Keyboard,electronics,accessories,5,17,60,engineer
1068,user68,53000,643,Mouse,electronics,accessories,4,18,20,engineer
1068,user68,53000,644,Monitor,electronics,monitors,3,19,250,engineer
1068,user68,53000,645,Printer,electronics,printers,4,20,150,engineer
1069,user69,61000,646,Shirt,clothing,shoes,3,5,25,teacher
1069,user69,61000,647,Phone,electronics,smartphones,4,6,450,teacher
1069,user69,61000,648,Hat,clothing,hats,5,7,15,teacher
1069,user69,61000,649,Backpack,travel,backpacks,4,8,40,teacher
1069,user69,61000,650,Tablet,electronics,laptops,3,9,800,teacher
1069,user69,61000,651,Sneakers,clothing,shoes,4,10,60,teacher
1069,user69,61000,652,Water Bottle,fitness,hydration,5,11,20,teacher
1069,user69,61000,653,Umbrella,accessories,umbrellas,4,12,10,teacher
1070,user70,62000,654,Laptop,electronics,laptops,5,13,1000,engineer
1070,user70,62000,655,Phone,electronics,smartphones,4,14,500,engineer
1070,user70,62000,656,Sunglasses,accessories,sunglasses,5,15,30,engineer
1070,user70,62000,657,Tablet,electronics,laptops,4,16,350,engineer
1070,user70,62000,658,Keyboard,electronics,accessories,5,17,60,engineer
1070,user70,62000,659,Mouse,electronics,accessories,4,18,20,engineer
1070,user70,62000,660,Monitor,electronics,monitors,3,19,250,engineer
1070,user70,62000,661,Printer,electronics,printers,4,20,150,engineer
1071,user71,55000,662,Shirt,clothing,shoes,3,5,25,teacher
1071,user71,55000,663,Phone,electronics,smartphones,4,6,450,teacher
1071,user71,55000,664,Hat,clothing,hats,5,7,15,teacher
1071,user71,55000,665,Backpack,travel,backpacks,4,8,40,teacher
1071,user71,55000,666,Tablet,electronics,laptops,3,9,800,teacher
1071,user71,55000,667,Sneakers,clothing,shoes,4,10,60,teacher
1071,user71,55000,668,Water Bottle,fitness,hydration,5,11,20,teacher
1071,user71,55000,669,Umbrella,accessories,umbrellas,4,12,10,teacher
1072,user72,70000,670,Laptop,electronics,laptops,5,13,1000,student
1072,user72,70000,671,Phone,electronics,smartphones,4,14,500,student
1072,user72,70000,672,Sunglasses,accessories,sunglasses,5,15,30,student
1072,user72,70000,673,Tablet,electronics,laptops,4,16,350,student
1072,user72,70000,674,Keyboard,electronics,accessories,5,17,60,student
1072,user72,70000,675,Mouse,electronics,accessories,4,18,20,student
1072,user72,70000,676,Monitor,electronics,monitors,3,19,250,student
1072,user72,70000,677,Printer,electronics,printers,4,20,150,student
1073,user73,53000,678,Shirt,clothing,shoes,3,5,25,teacher
1073,user73,53000,679,Phone,electronics,smartphones,4,6,450,teacher
1073,user73,53000,680,Hat,clothing,hats,5,7,15,teacher
1073,user73,53000,681,Backpack,travel,backpacks,4,8,40,teacher
1073,user73,53000,682,Tablet,electronics,laptops,3,9,800,teacher
1073,user73,53000,683,Sneakers,clothing,shoes,4,10,60,teacher
1073,user73,53000,684,Water Bottle,fitness,hydration,5,11,20,teacher
1073,user73,53000,685,Umbrella,accessories,umbrellas,4,12,10,teacher
1074,user74,61000,686,Laptop,electronics,laptops,5,13,1000,engineer
1074,user74,61000,687,Phone,electronics,smartphones,4,14,500,engineer
1074,user74,61000,688,Sunglasses,accessories,sunglasses,5,15,30,engineer
1074,user74,61000,689,Tablet,electronics,laptops,4,16,350,engineer
1074,user74,61000,690,Keyboard,electronics,accessories,5,17,60,engineer
1074,user74,61000,691,Mouse,electronics,accessories,4,18,20,engineer
1074,user74,61000,692,Monitor,electronics,monitors,3,19,250,engineer
1074,user74,61000,693,Printer,electronics,printers,4,20,150,engineer
1075,user75,62000,694,Shirt,clothing,shoes,3,5,25,teacher
1075,user75,62000,695,Phone,electronics,smartphones,4,6,450,teacher
1075,user75,62000,696,Hat,clothing,hats,5,7,15,teacher
1075,user75,62000,697,Backpack,travel,backpacks,4,8,40,teacher
1075,user75,62000,698,Tablet,electronics,laptops,3,9,800,teacher
1075,user75,62000,699,Sneakers,clothing,shoes,4,10,60,teacher
1075,user75,62000,700,Water Bottle,fitness,hydration,5,11,20,teacher
1075,user75,62000,701,Umbrella,accessories,umbrellas,4,12,10,teacher
1076,user76,55000,702,Laptop,electronics,laptops,5,13,1000,student
1076,user76,55000,703,Phone,electronics,smartphones,4,14,500,student
1076,user76,55000,704,Sunglasses,accessories,sunglasses,5,15,30,student
1076,user76,55000,705,Tablet,electronics,laptops,4,16,350,student
1076,user76,55000,706,Keyboard,electronics,accessories,5,17,60,student
1076,user76,55000,707,Mouse,electronics,accessories,4,18,20,student
1076,user76,55000,708,Monitor,electronics,monitors,3,19,250,student
1076,user76,55000,709,Printer,electronics,printers,4,20,150,student
1077,user77,70000,710,Shirt,clothing,shoes,3,5,25,teacher
1077,user77,70000,711,Phone,electronics,smartphones,4,6,450,teacher
1077,user77,70000,712,Hat,clothing,hats,5,7,15,teacher
1077,user77,70000,713,Backpack,travel,backpacks,4,8,40,teacher
1077,user77,70000,714,Tablet,electronics,laptops,3,9,800,teacher
1077,user77,70000,715,Sneakers,clothing,shoes,4,10,60,teacher
1077,user77,70000,716,Water Bottle,fitness,hydration,5,11,20,teacher
1077,user77,70000,717,Umbrella,accessories,umbrellas,4,12,10,teacher
1078,user78,53000,718,Laptop,electronics,laptops,5,13,1000,engineer
1078,user78,53000,719,Phone,electronics,smartphones,4,14,500,engineer
1078,user78,53000,720,Sunglasses,accessories,sunglasses,5,15,30,engineer
1078,user78,53000,721,Tablet,electronics,laptops,4,16,350,engineer
1078,user78,53000,722,Keyboard,electronics,accessories,5,17,60,engineer
1078,user78,53000,723,Mouse,electronics,accessories,4,18,20,engineer
1078,user78,53000,724,Monitor,electronics,monitors,3,19,250,engineer
1078,user78,53000,725,Printer,electronics,printers,4,20,150,engineer
1079,user79,61000,726,Shirt,clothing,shoes,3,5,25,teacher
1079,user79,61000,727,Phone,electronics,smartphones,4,6,450,teacher
1079,user79,61000,728,Hat,clothing,hats,5,7,15,teacher
1079,user79,61000,729,Backpack,travel,backpacks,4,8,40,teacher
1079,user79,61000,730,Tablet,electronics,laptops,3,9,800,teacher
1079,user79,61000,731,Sneakers,clothing,shoes,4,10,60,teacher
1079,user79,61000,732,Water Bottle,fitness,hydration,5,11,20,teacher
1079,user79,61000,733,Umbrella,accessories,umbrellas,4,12,10,teacher
1080,user80,62000,734,Laptop,electronics,laptops,5,13,1000,engineer
1080,user80,62000,735,Phone,electronics,smartphones,4,14,500,engineer
1080,user80,62000,736,Sunglasses,accessories,sunglasses,5,15,30,engineer
1080,user80,62000,737,Tablet,electronics,laptops,4,16,350,engineer
1080,user80,62000,738,Keyboard,electronics,accessories,5,17,60,engineer
1080,user80,62000,739,Mouse,electronics,accessories,4,18,20,engineer
1080,user80,62000,740,Monitor,electronics,monitors,3,19,250,engineer
1080,user80,62000,741,Printer,electronics,printers,4,20,150,engineer
1081,user81,55000,742,Shirt,clothing,shoes,3,5,25,teacher
1081,user81,55000,743,Phone,electronics,smartphones,4,6,450,teacher
1081,user81,55000,744,Hat,clothing,hats,5,7,15,teacher
1081,user81,55000,745,Backpack,travel,backpacks,4,8,40,teacher
1081,user81,55000,746,Tablet,electronics,laptops,3,9,800,teacher
1081,user81,55000,747,Sneakers,clothing,shoes,4,10,60,teacher
1081,user81,55000,748,Water Bottle,fitness,hydration,5,11,20,teacher
1081,user81,55000,749,Umbrella,accessories,umbrellas,4,12,10,teacher
1082,user82,70000,750,Laptop,electronics,laptops,5,13,1000,student
1082,user82,70000,751,Phone,electronics,smartphones,4,14,500,student
1082,user82,70000,752,Sunglasses,accessories,sunglasses,5,15,30,student
1082,user82,70000,753,Tablet,electronics,laptops,4,16,350,student
1082,user82,70000,754,Keyboard,electronics,accessories,5,17,60,student
1082,user82,70000,755,Mouse,electronics,accessories,4,18,20,student
1082,user82,70000,756,Monitor,electronics,monitors,3,19,250,student
1082,user82,70000,757,Printer,electronics,printers,4,20,150,student
1083,user83,53000,758,Shirt,clothing,shoes,3,5,25,teacher
1083,user83,53000,759,Phone,electronics,smartphones,4,6,450,teacher
1083,user83,53000,760,Hat,clothing,hats,5,7,15,teacher
1083,user83,53000,761,Backpack,travel,backpacks,4,8,40,teacher
1083,user83,53000,762,Tablet,electronics,laptops,3,9,800,teacher
1083,user83,53000,763,Sneakers,clothing,shoes,4,10,60,teacher
1083,user83,53000,764,Water Bottle,fitness,hydration,5,11,20,teacher
1083,user83,53000,765,Umbrella,accessories,umbrellas,4,12,10,teacher
1084,user84,61000,766,Laptop,electronics,laptops,5,13,1000,engineer
1084,user84,61000,767,Phone,electronics,smartphones,4,14,500,engineer
1084,user84,61000,768,Sunglasses,accessories,sunglasses,5,15,30,engineer
1084,user84,61000,769,Tablet,electronics,laptops,4,16,350,engineer
1084,user84,61000,770,Keyboard,electronics,accessories,5,17,60,engineer
1084,user84,61000,771,Mouse,electronics,accessories,4,18,20,engineer
1084,user84,61000,772,Monitor,electronics,monitors,3,19,250,engineer
1084,user84,61000,773,Printer,electronics,printers,4,20,150,engineer
1085,user85,62000,774,Shirt,clothing,shoes,3,5,25,teacher
1085,user85,62000,775,Phone,electronics,smartphones,4,6,450,teacher
1085,user85,62000,776,Hat,clothing,hats,5,7,15,teacher
1085,user85,62000,777,Backpack,travel,backpacks,4,8,40,teacher
1085,user85,62000,778,Tablet,electronics,laptops,3,9,800,teacher
1085,user85,62000,779,Sneakers,clothing,shoes,4,10,60,teacher
1085,user85,62000,780,Water Bottle,fitness,hydration,5,11,20,teacher
1085,user85,62000,781,Umbrella,accessories,umbrellas,4,12,10,teacher
1086,user86,55000,782,Laptop,electronics,laptops,5,13,1000,student
1086,user86,55000,783,Phone,electronics,smartphones,4,14,500,student
1086,user86,55000,784,Sunglasses,accessories,sunglasses,5,15,30,student
1086,user86,55000,785,Tablet,electronics,laptops,4,16,350,student
1086,user86,55000,786,Keyboard,electronics,accessories,5,17,60,student
1086,user86,55000,787,Mouse,electronics,accessories,4,18,20,student
1086,user86,55000,788,Monitor,electronics,monitors,3,19,250,student
1086,user86,55000,789,Printer,electronics,printers,4,20,150,student
1087,user87,70000,790,Shirt,clothing,shoes,3,5,25,teacher
1087,user87,70000,791,Phone,electronics,smartphones,4,6,450,teacher
1087,user87,70000,792,Hat,clothing,hats,5,7,15,teacher
1087,user87,70000,793,Backpack,travel,backpacks,4,8,40,teacher
1087,user87,70000,794,Tablet,electronics,laptops,3,9,800,teacher
1087,user87,70000,795,Sneakers,clothing,shoes,4,10,60,teacher
1087,user87,70000,796,Water Bottle,fitness,hydration,5,11,20,teacher
1087,user87,70000,797,Umbrella,accessories,umbrellas,4,12,10,teacher
1088,user88,53000,798,Laptop,electronics,laptops,5,13,1000,engineer
1088,user88,53000,799,Phone,electronics,smartphones,4,14,500,engineer
1088,user88,53000,800,Sunglasses,accessories,sunglasses,5,15,30,engineer
1088,user88,53000,801,Tablet,electronics,laptops,4,16,350,engineer
1088,user88,53000,802,Keyboard,electronics,accessories,5,17,60,engineer
1088,user88,53000,803,Mouse,electronics,accessories,4,18,20,engineer
1088,user88,53000,804,Monitor,electronics,monitors,3,19,250,engineer
1088,user88,53000,805,Printer,electronics,printers,4,20,150,engineer
1089,user89,61000,806,Shirt,clothing,shoes,3,5,25,teacher
1089,user89,61000,807,Phone,electronics,smartphones,4,6,450,teacher
1089,user89,61000,808,Hat,clothing,hats,5,7,15,teacher
1089,user89,61000,809,Backpack,travel,backpacks,4,8,40,teacher
1089,user89,61000,810,Tablet,electronics,laptops,3,9,800,teacher
1089,user89,61000,811,Sneakers,clothing,shoes,4,10,60,teacher
1089,user89,61000,812,Water Bottle,fitness,hydration,5,11,20,teacher
1089,user89,61000,813,Umbrella,accessories,umbrellas,4,12,10,teacher
1090,user90,62000,814,Laptop,electronics,laptops,5,13,1000,engineer
1090,user90,62000,815,Phone,electronics,smartphones,4,14,500,engineer
1090,user90,62000,816,Sunglasses,accessories,sunglasses,5,15,30,engineer
1090,user90,62000,817,Tablet,electronics,laptops,4,16,350,engineer
1090,user90,62000,818,Keyboard,electronics,accessories,5,17,60,engineer
1090,user90,62000,819,Mouse,electronics,accessories,4,18,20,engineer
1090,user90,62000,820,Monitor,electronics,monitors,3,19,250,engineer
1090,user90,62000,821,Printer,electronics,printers,4,20,150,engineer
1091,user91,55000,822,Shirt,clothing,shoes,3,5,25,teacher
1091,user91,55000,823,Phone,electronics,smartphones,4,6,450,teacher
1091,user91,55000,824,Hat,clothing,hats,5,7,15,teacher
1091,user91,55000,825,Backpack,travel,backpacks,4,8,40,teacher
1091,user91,55000,826,Tablet,electronics,laptops,3,9,800,teacher
1091,user91,55000,827,Sneakers,clothing,shoes,4,10,60,teacher
1091,user91,55000,828,Water Bottle,fitness,hydration,5,11,20,teacher
1091,user91,55000,829,Umbrella,accessories,umbrellas,4,12,10,teacher
1092,user92,70000,830,Laptop,electronics,laptops,5,13,1000,student
1092,user92,70000,831,Phone,electronics,smartphones,4,14,500,student
1092,user92,70000,832,Sunglasses,accessories,sunglasses,5,15,30,student
1092,user92,70000,833,Tablet,electronics,laptops,4,16,350,student
1092,user92,70000,834,Keyboard,electronics,accessories,5,17,60,student
1092,user92,70000,835,Mouse,electronics,accessories,4,18,20,student
1092,user92,70000,836,Monitor,electronics,monitors,3,19,250,student
1092,user92,70000,837,Printer,electronics,printers,4,20,150,student
1093,user93,53000,838,Shirt,clothing,shoes,3,5,25,teacher
1093,user93,53000,839,Phone,electronics,smartphones,4,6,450,teacher
1093,user93,53000,840,Hat,clothing,hats,5,7,15,teacher
1093,user93,53000,841,Backpack,travel,backpacks,4,8,40,teacher
1093,user93,53000,842,Tablet,electronics,laptops,3,9,800,teacher
1093,user93,53000,843,Sneakers,clothing,shoes,4,10,60,teacher
1093,user93,53000,844,Water Bottle,fitness,hydration,5,11,20,teacher
1093,user93,53000,845,Umbrella,accessories,umbrellas,4,12,10,teacher
1094,user94,61000,846,Laptop,electronics,laptops,5,13,1000,engineer
1094,user94,61000,847,Phone,electronics,smartphones,4,14,500,engineer
1094,user94,61000,848,Sunglasses,accessories,sunglasses,5,15,30,engineer
1094,user94,61000,849,Tablet,electronics,laptops,4,16,350,engineer
1094,user94,61000,850,Keyboard,electronics,accessories,5,17,60,engineer
1094,user94,61000,851,Mouse,electronics,accessories,4,18,20,engineer
1094,user94,61000,852,Monitor,electronics,monitors,3,19,250,engineer
1094,user94,61000,853,Printer,electronics,printers,4,20,150,engineer
1095,user95,62000,854,Shirt,clothing,shoes,3,5,25,teacher
1095,user95,62000,855,Phone,electronics,smartphones,4,6,450,teacher
1095,user95,62000,856,Hat,clothing,hats,5,7,15,teacher
1095,user95,62000,857,Backpack,travel,backpacks,4,8,40,teacher
1095,user95,62000,858,Tablet,electronics,laptops,3,9,800,teacher
1095,user95,62000,859,Sneakers,clothing,shoes,4,10,60,teacher
1095,user95,62000,860,Water Bottle,fitness,hydration,5,11,20,teacher
1095,user95,62000,861,Umbrella,accessories,umbrellas,4,12,10,teacher
1096,user96,55000,862,Laptop,electronics,laptops,5,13,1000,student
1096,user96,55000,863,Phone,electronics,smartphones,4,14,500,student
1096,user96,55000,864,Sunglasses,accessories,sunglasses,5,15,30,student
1096,user96,55000,865,Tablet,electronics,laptops,4,16,350,student
1096,user96,55000,866,Keyboard,electronics,accessories,5,17,60,student
1096,user96,55000,867,Mouse,electronics,accessories,4,18,20,student
1096,user96,55000,868,Monitor,electronics,monitors,3,19,250,student
1096,user96,55000,869,Printer,electronics,printers,4,20,150,student
1097,user97,70000,870,Shirt,clothing,shoes,3,5,25,teacher
1097,user97,70000,871,Phone,electronics,smartphones,4,6,450,teacher
1097,user97,70000,872,Hat,clothing,hats,5,7,15,teacher
1097,user97,70000,873,Backpack,travel,backpacks,4,8,40,teacher
1097,user97,70000,874,Tablet,electronics,laptops,3,9,800,teacher
1097,user97,70000,875,Sneakers,clothing,shoes,4,10,60,teacher
1097,user97,70000,876,Water Bottle,fitness,hydration,5,11,20,teacher
1097,user97,70000,877,Umbrella,accessories,umbrellas,4,12,10,teacher
1098,user98,53000,878,Laptop,electronics,laptops,5,13,1000,engineer
1098,user98,53000,879,Phone,electronics,smartphones,4,14,500,engineer
1098,user98,53000,880,Sunglasses,accessories,sunglasses,5,15,30,engineer
1098,user98,53000,881,Tablet,electronics,laptops,4,16,350,engineer
1098,user98,53000,882,Keyboard,electronics,accessories,5,17,60,engineer
1098,user98,53000,883,Mouse,electronics,accessories,4,18,20,engineer
1098,user98,53000,884,Monitor,electronics,monitors,3,19,250,engineer
1098,user98,53000,885,Printer,electronics,printers,4,20,150,engineer
1099,user99,61000,886,Shirt,clothing,shoes,3,5,25,teacher
1099,user99,61000,887,Phone,electronics,smartphones,4,6,450,teacher
1099,user99,61000,888,Hat,clothing,hats,5,7,15,teacher
1099,user99,61000,889,Backpack,travel,backpacks,4,8,40,teacher
1099,user99,61000,890,Tablet,electronics,laptops,3,9,800,teacher
1099,user99,61000,891,Sneakers,clothing,shoes,4,10,60,teacher
1099,user99,61000,892,Water Bottle,fitness,hydration,5,11,20,teacher
1099,user99,61000,893,Umbrella,accessories,umbrellas,4,12,10,teacher
1100,user100,62000,894,Laptop,electronics,laptops,5,13,1000,engineer
1100,user100,62000,895,Phone,electronics,smartphones,4,14,500,engineer
1100,user100,62000,896,Sunglasses,accessories,sunglasses,5,15,30,engineer
1100,user100,62000,897,Tablet,electronics,laptops,4,16,350,engineer
1100,user100,62000,898,Keyboard,electronics,accessories,5,17,60,engineer
1100,user100,62000,899,Mouse,electronics,accessories,4,18,20,engineer
1100,user100,62000,900,Monitor,electronics,monitors,3,19,250,engineer
1100,user100,62000,901,Printer,electronics,printers,4,20,150,engineer